LAT,LON,YEAR,MO,DY,PRECTOT,QV2M,RH2M,PS,T2M,T2M_MIN,T2M_MAX,WS50M_RANGE,WS50M_MIN,WS50M_MAX,WS50M
30.04441,31.23571,2020,1,1,0.01,5.65,65.44,100.82,11.89,7.58,18.28,3.02,2.42,5.44,3.94
30.04441,31.23571,2020,1,2,0.09,4.61,55.97,100.68,11.17,6.3,17.36,4.77,4.24,9.01,6.76
30.04441,31.23571,2020,1,3,0.41,4.96,61.54,100.85,10.87,6.22,16.01,4.66,7.05,11.71,9.43
30.04441,31.23571,2020,1,4,1.95,5.86,70.02,100.83,11.42,8.2,16.7,2.83,6.6,9.43,7.96
30.04441,31.23571,2020,1,5,0,4.72,59.55,100.8,10.63,4.92,17.65,2.88,5.48,8.37,6.86
30.04441,31.23571,2020,1,6,0.05,4.88,58.18,100.48,11.42,5.93,17.76,4.13,8.59,12.72,10.14
30.04441,31.23571,2020,1,7,0.09,4.82,59.21,100.55,10.99,7.92,15.62,3.31,7.9,11.21,9.46
30.04441,31.23571,2020,1,8,0.81,5.31,67.79,100.72,10.43,5.4,15.83,3.33,7.9,11.23,9.17
30.04441,31.23571,2020,1,9,7.61,6.32,82.71,100.66,10.03,6.44,14.39,2.15,6.58,8.73,7.75
30.04441,31.23571,2020,1,10,1.47,6.51,76.36,100.83,11.7,7.66,16.65,6.07,2.59,8.65,6.59
30.04441,31.23571,2020,1,11,0,5.9,65.74,101.39,12.57,7.11,18.55,2.92,0.08,3.01,1.92
30.04441,31.23571,2020,1,12,0,6.02,65.22,101.39,13.01,8.23,19.45,3.42,1.31,4.73,3.03
30.04441,31.23571,2020,1,13,0,5.95,67.51,101.31,12.29,8.11,19.47,6.04,0.35,6.39,3.04
30.04441,31.23571,2020,1,14,0.11,6.92,73.57,101.26,13.27,9.17,19.59,4.83,3.11,7.95,5.61
30.04441,31.23571,2020,1,15,0.09,7.09,64.71,100.79,15.54,10.97,22.63,4.66,4.8,9.46,7.13
30.04441,31.23571,2020,1,16,0,6.16,61.46,100.3,14.1,11.31,18.69,2.64,6.79,9.43,8.3
30.04441,31.23571,2020,1,17,3.2,7.57,79.1,100.47,13.4,10.01,18.42,3.49,6.54,10.02,8.12
30.04441,31.23571,2020,1,18,2.51,7.1,80.3,100.83,12.26,9.53,16.15,2.33,5.39,7.72,6.41
30.04441,31.23571,2020,1,19,1.21,6.78,78.16,101.01,11.99,7.7,16.55,1.88,5.6,7.49,6.56
30.04441,31.23571,2020,1,20,0.07,6.12,67.93,101.49,12.64,8.09,18.43,4.06,5.03,9.09,7.22
30.04441,31.23571,2020,1,21,0.37,5.23,62.74,101.46,11.47,7.86,17.02,4.6,5.54,10.14,7.86
30.04441,31.23571,2020,1,22,0.11,5.22,64.48,101.33,11.01,5.86,17.9,3.74,3.43,7.17,6.08
30.04441,31.23571,2020,1,23,0.07,5.72,69.29,101.28,11.29,5.08,18.21,3.99,3.22,7.21,5.45
30.04441,31.23571,2020,1,24,0.22,5.46,62.25,101.35,12.22,5.93,17.69,4.63,4.82,9.45,7.97
30.04441,31.23571,2020,1,25,0,4.64,61.39,101.91,10.07,4.82,17.6,4.97,1.86,6.83,4.47
30.04441,31.23571,2020,1,26,0,4.98,65.11,101.87,10.25,3.97,18.33,4.05,3.75,7.8,5.27
30.04441,31.23571,2020,1,27,0,5.89,70.38,101.37,11.52,6.61,18.75,3.49,3.92,7.41,5.53
30.04441,31.23571,2020,1,28,0.01,6.29,70.35,100.97,12.45,8.38,19.24,4.62,1.84,6.45,4.22
30.04441,31.23571,2020,1,29,0.1,6.65,73.56,101.2,12.66,7.08,20.47,3.62,2.34,5.95,4.7
30.04441,31.23571,2020,1,30,0,5.68,63.91,101.16,12.39,7.64,19.58,6.16,0.07,6.23,3.64
30.04441,31.23571,2020,1,31,0,5.78,65.58,101.06,12.25,6.65,20.44,3.75,4.48,8.23,6.48
30.04441,31.23571,2020,2,1,0,5.52,66.05,101.22,11.48,5.64,19.53,4.83,1.7,6.54,4.19
30.04441,31.23571,2020,2,2,0,6.2,68.54,101.26,12.66,7.79,20.22,5.07,1.39,6.46,3.52
30.04441,31.23571,2020,2,3,0,6.27,68.07,101.16,12.93,7.46,20.45,4.15,2.07,6.22,4.16
30.04441,31.23571,2020,2,4,0,6.75,68.66,100.93,13.88,8.31,21.06,3.6,1.14,4.74,3.13
30.04441,31.23571,2020,2,5,0,5.77,57.19,100.44,14.23,7.45,21.96,6.68,3.4,10.09,7.58
30.04441,31.23571,2020,2,6,0,4.78,47.91,100.46,14.05,9.51,21.53,3.77,6.56,10.33,8.46
30.04441,31.23571,2020,2,7,0.78,4.59,50.89,100.77,12.57,7.86,18.33,4.93,6.15,11.08,8.53
30.04441,31.23571,2020,2,8,1.28,5.45,66.96,101.3,11.09,7.17,16.97,3.25,5.26,8.52,7.31
30.04441,31.23571,2020,2,9,0.34,4.83,61.85,101.66,10.52,6.32,16.97,4.47,4.97,9.44,7.28
30.04441,31.23571,2020,2,10,0.06,4.91,60.87,101.67,11.02,7.43,16.31,2.37,5.42,7.79,6.74
30.04441,31.23571,2020,2,11,0.07,5.73,66.97,101.36,11.83,7.1,17.6,5.87,0.78,6.65,4.37
30.04441,31.23571,2020,2,12,0,5.5,57.93,101.2,13.41,6.35,21.9,3.15,4.47,7.62,5.77
30.04441,31.23571,2020,2,13,0.01,6.08,56.36,101.16,15.37,8.16,24.54,4.13,3.54,7.67,5.49
30.04441,31.23571,2020,2,14,0.03,7.72,75.18,100.96,14.57,9.46,21.36,4.79,2.85,7.64,6.01
30.04441,31.23571,2020,2,15,0.14,7.44,68.89,100.49,15.27,9.09,23.71,4.76,1.63,6.39,3.44
30.04441,31.23571,2020,2,16,0.3,7.24,70.24,100.55,14.55,9.7,21.21,6.57,0.82,7.39,5.45
30.04441,31.23571,2020,2,17,0.24,6.82,68.13,100.77,14.16,8.61,21.14,3.22,4.32,7.53,5.73
30.04441,31.23571,2020,2,18,1.1,6.84,72.82,100.68,13.16,8.36,18.64,2.43,3.32,5.75,4.62
30.04441,31.23571,2020,2,19,1.23,6.65,74.31,100.77,12.44,7.81,18.15,5.79,3.41,9.19,6.39
30.04441,31.23571,2020,2,20,0,5.87,62.53,100.96,13.2,7.15,20.93,4.06,1.8,5.86,4.22
30.04441,31.23571,2020,2,21,0.03,5.37,56.16,100.6,13.44,8.09,20.83,5.29,5.1,10.39,7.84
30.04441,31.23571,2020,2,22,0.22,6.16,66.24,100.84,13.04,8.17,18.84,3.26,3.67,6.93,5.06
30.04441,31.23571,2020,2,23,1.87,6.12,65.19,100.79,13.17,8.31,19.3,5.2,0.54,5.74,3.04
30.04441,31.23571,2020,2,24,10.21,6.86,80.94,100.55,11.56,8.13,16.6,4.29,1.74,6.02,3.63
30.04441,31.23571,2020,2,25,0.12,6.43,70.5,100.8,12.73,7.69,20.64,4.19,2.92,7.11,6
30.04441,31.23571,2020,2,26,0,6.39,61.4,101.01,14.78,6.71,23.08,3.8,1.89,5.69,3.61
30.04441,31.23571,2020,2,27,0,5.73,46.67,100.88,17.37,10.23,25.43,3.63,0.83,4.46,3.43
30.04441,31.23571,2020,2,28,0,6.08,46.09,100.58,18.45,11.7,27.12,8.72,0.47,9.19,4.49
30.04441,31.23571,2020,2,29,0.02,6.98,67.2,100.65,14.69,8.76,21.31,4.9,4.75,9.65,6.97
30.04441,31.23571,2020,3,1,0,5.8,59.16,100.97,13.88,7.49,21.91,3.49,4.15,7.63,5.99
30.04441,31.23571,2020,3,2,0,5.9,59.45,101.11,14.09,8.25,22.29,6,1.48,7.48,3.69
30.04441,31.23571,2020,3,3,0.16,6.04,58.82,100.94,14.58,6.58,24.85,3.98,4.99,8.97,6.46
30.04441,31.23571,2020,3,4,0.05,5.26,43.66,100.38,17,8.49,27.5,3.96,3.13,7.09,4.72
30.04441,31.23571,2020,3,5,0,5.02,37.3,100.06,18.71,12.06,28.24,6.07,3.85,9.93,7.04
30.04441,31.23571,2020,3,6,0.65,6.71,60.97,100.31,15.55,11.06,21.75,4.09,4.49,8.58,7.03
30.04441,31.23571,2020,3,7,0.06,6.72,59.25,100.87,16.11,9.6,24.99,5.65,1.83,7.48,4.05
30.04441,31.23571,2020,3,8,1.06,6.49,52.96,100.78,17.32,9.43,28.11,4.42,3.65,8.08,6.43
30.04441,31.23571,2020,3,9,0.31,5.58,41.42,100.24,18.73,11.44,30.01,6.86,4.54,11.41,8.17
30.04441,31.23571,2020,3,10,0.58,6.49,60.45,100.61,15.21,9.02,23.52,6.47,2.27,8.74,4.43
30.04441,31.23571,2020,3,11,2.41,7.56,61.58,100.17,17.24,10.92,28.25,4.46,5.06,9.53,7.25
30.04441,31.23571,2020,3,12,56.54,9.96,89.14,99.28,15.59,12.4,20.06,8.9,3.02,11.92,6.46
30.04441,31.23571,2020,3,13,17.66,9.16,82.47,98.86,15.44,11.42,21.15,6.05,7.14,13.18,11.59
30.04441,31.23571,2020,3,14,1.3,9.18,74.46,100.34,17.32,13.08,23.62,5.99,1.75,7.74,5.81
30.04441,31.23571,2020,3,15,0,7.64,57.99,100.59,18.41,11.73,26.58,4.64,0.6,5.23,2.89
30.04441,31.23571,2020,3,16,0,7.03,52.43,100.47,18.68,12.24,27.3,7,1.41,8.41,4.06
30.04441,31.23571,2020,3,17,0.4,6.83,68,100.57,14.17,10.01,20.42,9.3,4.08,13.39,8.23
30.04441,31.23571,2020,3,18,0,5.62,58.24,100.72,13.59,7.21,21.03,4.32,5.21,9.53,7.54
30.04441,31.23571,2020,3,19,0,5.48,60.7,100.81,12.58,7.09,20.3,5.98,5.05,11.03,7.82
30.04441,31.23571,2020,3,20,0.51,5.38,64.22,100.62,11.41,6.25,17.53,6.09,5.19,11.28,7.66
30.04441,31.23571,2020,3,21,0.03,5.44,61.14,100.62,12.34,7.58,19.22,2.33,4.64,6.97,5.96
30.04441,31.23571,2020,3,22,0.27,5.14,52.57,100.7,13.79,5,22.69,7.43,1.33,8.75,3.62
30.04441,31.23571,2020,3,23,0,5.62,41.98,100.05,18.62,11.25,28.09,6.08,6.35,12.43,9
30.04441,31.23571,2020,3,24,0,7.1,58.02,100.07,17.18,10.38,25.79,5.33,2.98,8.32,5.5
30.04441,31.23571,2020,3,25,0.06,7.27,62.55,100.3,16.39,8.86,24.6,4.79,2.86,7.65,4.64
30.04441,31.23571,2020,3,26,0.01,6.77,47.7,99.76,19.5,12.73,28.66,9.04,0.44,9.47,5.38
30.04441,31.23571,2020,3,27,0,7.94,56.28,99.85,19.4,12.32,27.57,3.79,5.34,9.13,7.24
30.04441,31.23571,2020,3,28,0,6.63,56.35,100.65,16.65,11.05,24.31,6.83,2.03,8.86,6.29
30.04441,31.23571,2020,3,29,0,5.39,43.05,100.55,17.63,8.65,26.84,6.81,0.38,7.19,4.97
30.04441,31.23571,2020,3,30,0,5.38,35.57,100.11,20.6,11.86,29.99,9.67,1.16,10.84,6.77
30.04441,31.23571,2020,3,31,0,5.76,38.01,99.84,20.58,14,28.23,4.23,7.48,11.71,9.84
30.04441,31.23571,2020,4,1,0,7.82,61.46,100.44,17.84,12.34,25.04,3.01,4.31,7.33,5.71
30.04441,31.23571,2020,4,2,0,6.97,56.46,100.56,17.4,10.94,25.42,5.95,0.67,6.61,3.8
30.04441,31.23571,2020,4,3,0,6.48,44,100.57,20.22,11.77,29.36,6.61,1.89,8.5,4.83
30.04441,31.23571,2020,4,4,0,5.61,31.56,100.2,23.24,14.29,33.69,7.33,3.98,11.31,8.42
30.04441,31.23571,2020,4,5,0,6.81,44.56,100.18,20.75,14.63,27.24,6.92,4.29,11.21,7.77
30.04441,31.23571,2020,4,6,0.02,7.57,58.74,100.7,18.1,11.6,26.05,4.5,3.76,8.25,5.11
30.04441,31.23571,2020,4,7,0,6.65,55.41,100.67,16.97,10.59,24.07,4.43,3.47,7.9,5.25
30.04441,31.23571,2020,4,8,0.01,6.9,57.68,100.58,16.9,10.96,23.51,5.44,1.52,6.96,4.26
30.04441,31.23571,2020,4,9,0.07,7.14,60.48,100.49,16.66,11.83,22.48,6.91,0.85,7.76,5.24
30.04441,31.23571,2020,4,10,0.04,7.03,63.57,100.52,15.66,9.56,22.26,3.4,4.58,7.98,6.2
30.04441,31.23571,2020,4,11,0,6.76,57.81,100.7,16.55,9.6,24.06,4.13,3.03,7.16,4.32
30.04441,31.23571,2020,4,12,0,6.38,50.23,100.87,17.88,10.7,26.08,6.91,1.94,8.85,4.65
30.04441,31.23571,2020,4,13,0,6.11,48.83,100.8,17.66,9.5,26.3,5.86,3.01,8.87,5.15
30.04441,31.23571,2020,4,14,0,6.22,49.01,100.78,17.87,9.18,27.33,4.9,4.01,8.91,6.12
30.04441,31.23571,2020,4,15,0,7.01,47.15,100.74,20.39,10.16,28.71,6.81,0.58,7.39,3.09
30.04441,31.23571,2020,4,16,0,6.73,46.71,100.31,19.82,13.76,28.34,7.81,2.97,10.77,7.11
30.04441,31.23571,2020,4,17,0,7.52,53.91,100.37,19.29,13.24,27.35,3.27,5.17,8.44,7.24
30.04441,31.23571,2020,4,18,0,8.04,54.25,100.47,20.29,12.65,28.97,4.6,4.42,9.02,6.2
30.04441,31.23571,2020,4,19,0,7.64,51.09,100.4,20.43,12.92,29.54,3.29,5.83,9.12,7.09
30.04441,31.23571,2020,4,20,0,7.6,50.11,100.24,20.64,11.24,30.52,5.17,2.84,8.01,4.84
30.04441,31.23571,2020,4,21,0,6.75,37.33,100.08,23.51,13.88,33.45,4.47,2.07,6.54,4.06
30.04441,31.23571,2020,4,22,5.39,6.3,32.97,99.85,24.4,16.35,34.49,7.72,2.91,10.63,7.92
30.04441,31.23571,2020,4,23,35.32,8.86,59.23,100.22,20.4,13.51,27.86,4.25,2.33,6.58,4.12
30.04441,31.23571,2020,4,24,16.76,8.65,54.5,99.64,21.26,15.33,29.33,7.25,4.31,11.55,8.84
30.04441,31.23571,2020,4,25,44.19,8.97,73.23,100.21,17.19,13.17,22.52,3.93,4.37,8.3,6.39
30.04441,31.23571,2020,4,26,1.16,8.41,66.56,100.43,17.73,12.1,24.53,3.83,2.51,6.34,4.37
30.04441,31.23571,2020,4,27,0,9.04,64.76,100.32,19.29,13.14,25.29,5.59,1.25,6.84,4.76
30.04441,31.23571,2020,4,28,0,8.9,60.58,100.22,20.1,13.19,28.21,4.8,4.19,8.99,5.74
30.04441,31.23571,2020,4,29,0,7.85,62.75,100.53,17.59,10.65,25.64,5.04,3.56,8.6,5.08
30.04441,31.23571,2020,4,30,0,7.71,55.09,100.5,19.37,10.43,28.38,4.85,1.68,6.52,3.87
30.04441,31.23571,2020,5,1,0,8.48,51.09,100.33,22.12,15.1,30.74,6.69,1.37,8.06,4.41
30.04441,31.23571,2020,5,2,0,8.58,57.72,100.3,20.31,13.38,28.75,6.37,1.67,8.04,4.53
30.04441,31.23571,2020,5,3,0,8.3,52.43,100.16,21.32,13.67,30.12,7.31,1.11,8.42,5.03
30.04441,31.23571,2020,5,4,0,8.5,49.62,100.07,22.59,14.38,31.27,7.09,1.77,8.85,5.21
30.04441,31.23571,2020,5,5,0,8.67,62.38,100.32,19.23,13.87,25.36,7.98,3.12,11.1,6.97
30.04441,31.23571,2020,5,6,0.01,8.18,58.45,100.61,19.39,13.24,27.24,3.74,3.91,7.65,5.28
30.04441,31.23571,2020,5,7,0,7.23,46.06,100.42,21.22,11.74,30.82,7,0.2,7.2,3.69
30.04441,31.23571,2020,5,8,0.01,7.4,39.59,100.02,24.05,15.06,34.51,11.45,0.59,12.04,6.16
30.04441,31.23571,2020,5,9,0.08,9.23,58.67,100.37,21.23,15.17,29.03,5.91,3.72,9.63,6.74
30.04441,31.23571,2020,5,10,0,8.06,55.17,100.71,20.1,12.39,28.99,6.27,2.45,8.72,4.66
30.04441,31.23571,2020,5,11,0,7.9,49.7,100.78,21.48,12.08,31.79,5.02,4.46,9.48,6.1
30.04441,31.23571,2020,5,12,0,8.27,45.7,100.62,23.58,14.35,34.64,3.8,5.91,9.71,7.3
30.04441,31.23571,2020,5,13,0,8.44,49.28,100.51,22.65,16.03,31.32,3.71,4.11,7.82,6.66
30.04441,31.23571,2020,5,14,0,8.38,44.18,100.25,24.31,15.33,34.69,2.91,4.08,6.98,5.89
30.04441,31.23571,2020,5,15,0,10.51,50.86,100.09,25.7,17.44,35.19,3.86,5.36,9.22,7.42
30.04441,31.23571,2020,5,16,0,10.94,46.49,100.04,27.91,19.37,38.03,3.54,4.71,8.25,6.6
30.04441,31.23571,2020,5,17,0,10.76,43.33,100.07,28.83,20,39.67,5.21,4.27,9.48,7.01
30.04441,31.23571,2020,5,18,0,11.26,44.36,99.98,29.2,19.73,40.65,4.95,5.16,10.1,7.31
30.04441,31.23571,2020,5,19,0,10.03,36.35,99.93,30.65,20.45,41.82,6.28,2.91,9.19,5.6
30.04441,31.23571,2020,5,20,0,7.89,27.65,99.83,31.26,22.3,41.86,3.49,5.77,9.26,7.64
30.04441,31.23571,2020,5,21,0,8.2,28.6,99.77,31.31,21.57,42.2,7.03,1.37,8.4,5.35
30.04441,31.23571,2020,5,22,0,10.32,49.25,100.38,25.99,20.27,33.79,5.82,4.47,10.3,6.75
30.04441,31.23571,2020,5,23,0,9.38,52.47,100.68,23.38,17.18,31.12,6.81,4.02,10.83,7.1
30.04441,31.23571,2020,5,24,0,7.15,45.4,100.72,21.33,15.84,28.2,4.04,6.8,10.84,9.31
30.04441,31.23571,2020,5,25,0,6.96,42.24,100.69,22.08,13.18,31.18,4.42,3.52,7.95,5.1
30.04441,31.23571,2020,5,26,0,7.35,40.14,100.53,23.78,14.88,33.31,7.06,1.72,8.77,4.26
30.04441,31.23571,2020,5,27,0,8.59,48.27,100.56,23.29,15.06,32.5,6.57,2.96,9.53,5.56
30.04441,31.23571,2020,5,28,0,8.02,47.78,100.71,22.37,14.97,30.88,6.58,3.26,9.85,5.67
30.04441,31.23571,2020,5,29,0,7.46,46.6,100.86,21.61,14.4,29.35,5.46,3.42,8.88,5.14
30.04441,31.23571,2020,5,30,0,7,44.82,100.79,21.2,13.11,29.74,4.8,4.08,8.87,5.63
30.04441,31.23571,2020,5,31,0.07,6.93,40.52,100.62,22.66,13.46,32.07,3.49,5.36,8.85,6.5
30.04441,31.23571,2020,6,1,0,7.47,33.81,100.09,26.86,16.19,36.9,7.82,0.71,8.53,4.68
30.04441,31.23571,2020,6,2,0.01,9.15,47.4,100,24.55,17.67,32.28,3.71,5.09,8.8,7.01
30.04441,31.23571,2020,6,3,0,8.57,45.03,100.19,24.35,16.29,32.61,7.38,0.64,8.02,4.36
30.04441,31.23571,2020,6,4,0,8.81,43.04,100.29,25.6,17.69,34.33,7.8,2.93,10.73,5.57
30.04441,31.23571,2020,6,5,0,8.44,42.99,100.46,24.93,16.71,34.08,4.55,4.11,8.66,5.95
30.04441,31.23571,2020,6,6,0,8.22,38.23,100.22,26.42,15.37,37.43,3.88,3,6.88,5.16
30.04441,31.23571,2020,6,7,0,7.04,25.65,99.87,30.58,20.74,41.13,9.74,0.41,10.15,4.96
30.04441,31.23571,2020,6,8,0,9.76,45.3,99.92,26.38,19.34,34.56,4.14,3.79,7.93,5.31
30.04441,31.23571,2020,6,9,0,8.42,38.33,100.05,26.75,17.34,36.54,4.77,2.9,7.66,4.76
30.04441,31.23571,2020,6,10,0,7.59,29.21,100.15,29.67,19.43,39.95,7.52,1.64,9.16,5.46
30.04441,31.23571,2020,6,11,0,8.09,34.42,100.31,27.96,19.54,36.94,5.23,3.81,9.05,6.25
30.04441,31.23571,2020,6,12,0,6.91,26.94,100.13,29.45,19.58,38.44,2.31,2.29,4.61,3.37
30.04441,31.23571,2020,6,13,0,7.35,27.91,99.8,29.84,22.68,36.99,6.99,2.09,9.08,5.58
30.04441,31.23571,2020,6,14,0,8.36,38.7,99.93,26.44,19.04,34.84,5.69,3.24,8.94,5.41
30.04441,31.23571,2020,6,15,0,7.97,36.01,100.15,26.91,17.85,35.79,6.11,2.69,8.8,5.78
30.04441,31.23571,2020,6,16,0,7.85,31.42,100.05,28.98,18.8,38.72,3.22,4.43,7.65,5.49
30.04441,31.23571,2020,6,17,0,7.58,26.16,99.91,31.54,22.48,42.35,9.52,2.47,11.99,6.85
30.04441,31.23571,2020,6,18,0,9.84,44.25,100.18,26.96,19.99,35.25,4.78,5.14,9.92,6.92
30.04441,31.23571,2020,6,19,0,9.83,44.23,100.16,26.96,19.18,35.2,5.19,4.83,10.02,6.93
30.04441,31.23571,2020,6,20,0.03,9.43,40.5,100.11,27.74,19.59,36.34,6.81,3.32,10.13,7.01
30.04441,31.23571,2020,6,21,0,7.41,25.64,99.88,31.5,20.34,42.68,9.12,0.53,9.65,5.2
30.04441,31.23571,2020,6,22,0,8.89,35.39,100.04,29.05,21.21,37.63,4.42,3.56,7.97,5.67
30.04441,31.23571,2020,6,23,0,8.66,33.88,100.28,29.4,20.17,38.87,7.37,2.32,9.69,5.03
30.04441,31.23571,2020,6,24,0,9.91,41.39,100.51,28.29,20.59,37.04,6.25,3.97,10.22,6.24
30.04441,31.23571,2020,6,25,0,9.74,43.07,100.31,27.27,19.34,36.21,4.18,4.84,9.02,6.2
30.04441,31.23571,2020,6,26,0,10.51,42.76,99.98,28.65,20.29,37.83,3.35,5.1,8.45,6.15
30.04441,31.23571,2020,6,27,0,9.93,38.4,99.89,29.51,20.04,38.68,4.69,2.99,7.68,4.49
30.04441,31.23571,2020,6,28,0,9.81,37.05,99.89,29.92,20.96,39.03,5.2,4.05,9.25,5.5
30.04441,31.23571,2020,6,29,0,9.8,38.5,99.78,29.22,20.44,38.02,7.11,2.48,9.59,5.03
30.04441,31.23571,2020,6,30,0,8.77,37.12,99.71,27.93,18.96,37.3,5.67,3.36,9.04,5.34
30.04441,31.23571,2020,7,1,0,8.63,34.12,99.63,29.11,18.74,38.75,6.23,0.77,7,3.38
30.04441,31.23571,2020,7,2,0,8.45,29.91,99.54,31.01,21.64,40.63,7.69,2.14,9.83,5.21
30.04441,31.23571,2020,7,3,0,9.07,31.57,99.58,31.3,21.06,40.94,6.14,3.12,9.26,5.16
30.04441,31.23571,2020,7,4,0,9.19,32.21,99.76,31.22,22.75,39.95,7.43,1.81,9.23,4.65
30.04441,31.23571,2020,7,5,0,9.89,35.85,99.55,30.58,21.23,40,5.75,3.27,9.02,6.17
30.04441,31.23571,2020,7,6,0,9.37,33.85,99.37,30.61,21.32,39.38,4.69,3.6,8.29,5.76
30.04441,31.23571,2020,7,7,0,8.21,27.54,99.46,31.95,23.16,40.94,9.15,1.14,10.29,4.93
30.04441,31.23571,2020,7,8,0,11.46,41.98,99.82,30.43,23.34,37.79,6.53,2.18,8.71,4.92
30.04441,31.23571,2020,7,9,0,12.22,47.53,99.85,29.39,22.74,36.11,4.47,2.87,7.34,4.72
30.04441,31.23571,2020,7,10,0,11.4,41.27,99.83,30.65,23.37,38.8,6.69,2.58,9.27,5.41
30.04441,31.23571,2020,7,11,0,11.38,41.46,99.94,30.56,22.29,39.75,6,3.62,9.61,5.76
30.04441,31.23571,2020,7,12,0,11.18,42.78,99.75,29.66,21.53,38.73,5.25,3.73,8.98,5.27
30.04441,31.23571,2020,7,13,0,10.98,42,99.51,29.62,21.58,38.62,4.39,3.58,7.97,4.86
30.04441,31.23571,2020,7,14,0,9.91,36.34,99.59,30.38,21.12,39.64,7.02,0.38,7.41,2.96
30.04441,31.23571,2020,7,15,0,11.28,41.32,99.97,30.46,22.81,39.55,8.25,1.75,10,4.99
30.04441,31.23571,2020,7,16,0,10.63,45.25,99.89,27.85,21.06,36.87,5.6,3.91,9.52,6.17
30.04441,31.23571,2020,7,17,0,10.24,43.46,99.7,27.87,19.56,37.03,5.21,3.76,8.96,6.05
30.04441,31.23571,2020,7,18,0,9.71,40.25,99.73,28.29,19.73,37.15,6.32,2.45,8.77,5.1
30.04441,31.23571,2020,7,19,0,10.3,39.63,99.76,29.57,19.96,39.33,6.49,2.76,9.26,4.84
30.04441,31.23571,2020,7,20,0,10.17,37.27,99.92,30.46,21.83,40.28,6.31,3.37,9.68,5.04
30.04441,31.23571,2020,7,21,0,10.95,42.59,99.92,29.41,21.5,38.64,5.17,4.25,9.42,6.18
30.04441,31.23571,2020,7,22,0,11.83,44.76,99.56,29.82,21.28,39.45,4.45,5.25,9.7,6.52
30.04441,31.23571,2020,7,23,0,12.27,44.24,99.37,30.62,22.41,40.37,6.67,3.66,10.34,5.67
30.04441,31.23571,2020,7,24,0,10.5,37.86,99.53,30.66,21.21,40.03,4.8,3.59,8.39,5
30.04441,31.23571,2020,7,25,0,9.67,35.4,99.63,30.42,21.97,39.25,7.27,1.93,9.19,4.26
30.04441,31.23571,2020,7,26,0,10.4,38.64,99.75,30.18,21.42,39.8,6.52,3.05,9.57,5.21
30.04441,31.23571,2020,7,27,0,10.6,40.2,99.75,29.83,21.66,39.19,5.43,3.58,9.01,4.9
30.04441,31.23571,2020,7,28,0,10.47,37.87,99.71,30.65,21.81,40.29,4.75,4.39,9.14,5.67
30.04441,31.23571,2020,7,29,0,10.64,37.07,99.85,31.34,22.81,40.86,5.59,3.44,9.03,4.85
30.04441,31.23571,2020,7,30,0,11.07,37.78,99.95,31.71,23.54,42.12,5.08,3.91,9,5.36
30.04441,31.23571,2020,7,31,0,11.68,39.05,99.84,32.04,23.34,42.16,4.89,3.81,8.7,5.65
30.04441,31.23571,2020,8,1,0,9.92,35.74,99.54,30.7,22.78,40.05,4.97,3.6,8.58,5.57
30.04441,31.23571,2020,8,2,0,9.84,35.06,99.5,30.87,22,39.69,6.78,1.16,7.94,4.15
30.04441,31.23571,2020,8,3,0,12.17,41.71,99.75,31.59,23.34,41.11,5.33,3.82,9.15,6.04
30.04441,31.23571,2020,8,4,0,10.28,35.66,99.7,31.37,23.83,40.06,6.1,2.31,8.4,5.46
30.04441,31.23571,2020,8,5,0,10.27,38.94,99.64,29.81,22.05,38.41,6.46,1.82,8.27,4.83
30.04441,31.23571,2020,8,6,0,10.63,38.54,99.81,30.62,21.26,40.71,7.44,1.52,8.96,4.2
30.04441,31.23571,2020,8,7,0,10.56,35.17,99.91,32.14,22.72,43.25,8.89,1.39,10.28,5.27
30.04441,31.23571,2020,8,8,0,12.81,43.9,99.87,31.6,23.38,41.84,6.18,3.52,9.71,5.88
30.04441,31.23571,2020,8,9,0,12.32,45.67,99.8,30.22,22.77,38.91,5.62,3.17,8.78,5.73
30.04441,31.23571,2020,8,10,0,11.91,43.01,99.9,30.69,23.61,38.57,7.27,0.62,7.89,4.87
30.04441,31.23571,2020,8,11,0,12.33,45.87,100,30.18,23.87,37.89,5.94,2.78,8.72,5.17
30.04441,31.23571,2020,8,12,0,11.9,45.02,99.92,29.88,22.32,38.04,5.4,2.97,8.37,4.93
30.04441,31.23571,2020,8,13,0,11.25,41.35,99.79,30.37,22.35,39.19,5.22,3.34,8.56,4.84
30.04441,31.23571,2020,8,14,0,11.43,40.7,99.67,30.91,22.43,40.16,5.79,3.5,9.29,5.28
30.04441,31.23571,2020,8,15,0,11.52,40.96,99.59,30.91,22.28,39.96,5.39,2.62,8.02,4.52
30.04441,31.23571,2020,8,16,0,10.58,37.14,99.58,31.15,21.98,40.61,5.44,2.78,8.22,4.27
30.04441,31.23571,2020,8,17,0,10.64,38.66,99.68,30.56,22.39,39.93,7.12,2.29,9.41,4.95
30.04441,31.23571,2020,8,18,0,11.78,45.06,99.69,29.66,22.15,38.97,5.58,4.42,10,6.03
30.04441,31.23571,2020,8,19,0,10.92,43.99,99.59,28.75,20.94,37.63,5.06,3.4,8.46,4.8
30.04441,31.23571,2020,8,20,0,10.56,41.88,99.64,29.03,20.67,38.68,6.99,2.08,9.08,4.87
30.04441,31.23571,2020,8,21,0,11.45,45.11,99.74,29.15,21.41,38.34,7.07,2.15,9.22,5.53
30.04441,31.23571,2020,8,22,0,11.66,45.12,99.62,29.44,21.63,38.49,3.9,4.99,8.89,5.99
30.04441,31.23571,2020,8,23,0,11.11,41.04,99.56,30.25,21.71,39.17,5.69,2.89,8.58,4.82
30.04441,31.23571,2020,8,24,0,10.58,38.18,99.62,30.67,21.62,39.87,6.09,1.85,7.94,4.03
30.04441,31.23571,2020,8,25,0,10.58,37.88,99.85,30.84,22.73,39.77,7.52,1.66,9.18,4.24
30.04441,31.23571,2020,8,26,0,9.7,36.94,99.99,29.79,21.51,38.72,6.72,2.03,8.75,4.41
30.04441,31.23571,2020,8,27,0,11.2,46.05,99.88,28.44,20.86,36.81,6.4,2.39,8.79,4.74
30.04441,31.23571,2020,8,28,0,12.26,46.43,99.68,29.82,21.99,38.92,6.44,2.59,9.03,4.98
30.04441,31.23571,2020,8,29,0,12.06,45.13,99.73,30.03,21.7,39.09,4.43,2.98,7.41,4.2
30.04441,31.23571,2020,8,30,0,12.38,42.64,99.82,31.5,22.69,41.41,5.92,2.54,8.46,4.3
30.04441,31.23571,2020,8,31,0,11.79,42.08,99.71,30.86,22.79,40.24,5.35,3.64,8.98,5.31
30.04441,31.23571,2020,9,1,0,10.38,37.83,99.69,30.5,22.15,39.45,4.77,3.28,8.05,5.11
30.04441,31.23571,2020,9,2,0,8.91,32.4,99.9,30.6,22.47,39.54,7.1,1.42,8.51,3.78
30.04441,31.23571,2020,9,3,0,11.71,43.19,100.1,30.36,21.8,40.08,5.78,2.16,7.94,4.56
30.04441,31.23571,2020,9,4,0,13.89,46.66,99.97,31.96,22.93,42.68,4.64,4.04,8.67,5.43
30.04441,31.23571,2020,9,5,0,13.05,45.44,99.82,31.3,23.15,41.98,5.3,4.4,9.7,5.99
30.04441,31.23571,2020,9,6,0,11.93,43.42,99.85,30.54,22.76,40.02,4.46,4.59,9.05,5.75
30.04441,31.23571,2020,9,7,0,13.61,49.85,100,30.44,23.06,39.59,4.27,4.16,8.43,5.28
30.04441,31.23571,2020,9,8,0,13.43,49.5,100.14,30.36,23.53,39.84,5.39,4,9.4,5.69
30.04441,31.23571,2020,9,9,0,12.29,46.24,99.94,29.97,22.01,39.36,4.33,4.38,8.71,5.54
30.04441,31.23571,2020,9,10,0,12.93,49.08,99.59,29.76,23.46,38.03,6.84,1.18,8.02,4.45
30.04441,31.23571,2020,9,11,0,11.32,43.2,99.69,29.7,21.89,37.95,4.41,2.35,6.76,5.02
30.04441,31.23571,2020,9,12,0,11.67,43.81,100.11,30.06,22.48,38.56,6.11,1.43,7.54,3.95
30.04441,31.23571,2020,9,13,0,11.28,43.68,100.39,29.57,21.19,38.53,5.44,2.84,8.28,4.91
30.04441,31.23571,2020,9,14,0,11.76,46.71,100.34,29.11,21.51,37.4,4.85,3.16,8.01,4.93
30.04441,31.23571,2020,9,15,0,11.23,44.37,100.21,29.18,21.83,37.85,5.52,3.03,8.55,5.01
30.04441,31.23571,2020,9,16,0,11.2,44.28,100.12,29.16,20.66,38.61,6.89,2.57,9.46,4.87
30.04441,31.23571,2020,9,17,0,12.38,46.43,100.2,30.08,21.72,39.82,4.85,4.1,8.95,5.81
30.04441,31.23571,2020,9,18,0,11.85,43.5,100.22,30.46,22.17,40.22,4.35,5.64,10,7.59
30.04441,31.23571,2020,9,19,0,13.3,50.48,100.09,29.84,23.03,38.9,3.8,5.96,9.75,7.34
30.04441,31.23571,2020,9,20,0,11.41,45.7,99.98,28.91,21.69,37.32,3.07,5.33,8.4,6.42
30.04441,31.23571,2020,9,21,0,10.39,40.7,100.07,29.32,21.45,37.69,6.39,1.35,7.74,4.61
30.04441,31.23571,2020,9,22,0,12.59,49.71,100.34,29.21,22.57,36.93,5.13,4.09,9.23,6.23
30.04441,31.23571,2020,9,23,0,12.49,53.03,100.41,27.97,22.48,35.39,5.1,3.99,9.09,5.57
30.04441,31.23571,2020,9,24,0,11.22,49.91,100.37,27.18,20.98,35.53,4.74,4.21,8.96,5.62
30.04441,31.23571,2020,9,25,0,12.05,50.12,100.2,28.28,20.92,37.08,5.85,3.07,8.92,5.2
30.04441,31.23571,2020,9,26,0,10.67,45.1,100.06,28,21.39,35.64,5.93,1.55,7.48,3.79
30.04441,31.23571,2020,9,27,0,11.18,46.29,100.33,28.39,20.63,37.86,3.93,5.73,9.66,7.52
30.04441,31.23571,2020,9,28,0,12.01,45.64,100.5,29.91,21.88,40.22,3.42,6.24,9.66,8
30.04441,31.23571,2020,9,29,0,12.52,46.38,100.34,30.31,22.01,40.86,5.29,3.73,9.02,6.36
30.04441,31.23571,2020,9,30,0,12.78,48.99,100.05,29.67,21.92,39.41,5.51,3.27,8.78,5.11
30.04441,31.23571,2020,10,1,0,11.94,50.25,100.06,28.05,22,36.05,6.04,2.24,8.28,5
30.04441,31.23571,2020,10,2,0,11.08,49.51,100.36,27.09,21.28,34.59,5.24,2.61,7.86,4.22
30.04441,31.23571,2020,10,3,0,10.83,50.62,100.57,26.36,20.2,34.41,3.95,4.42,8.37,5.69
30.04441,31.23571,2020,10,4,0,10.71,50.29,100.59,26.29,19.91,34.81,6.55,2.1,8.65,5.13
30.04441,31.23571,2020,10,5,0,10.53,49.36,100.52,26.31,19.21,35.33,5.34,3.46,8.8,5.63
30.04441,31.23571,2020,10,6,0,10.45,47.98,100.37,26.63,18.42,36.51,4.35,4.61,8.96,6.21
30.04441,31.23571,2020,10,7,0,10.19,43.03,100.27,28.06,19.42,38.28,5.4,4.25,9.65,6.33
30.04441,31.23571,2020,10,8,0,10.06,38.91,100.19,29.56,20.58,40.14,6.86,0.49,7.35,4.6
30.04441,31.23571,2020,10,9,0,11.41,46.63,100.37,28.63,21.37,38,5.5,3.39,8.89,5.63
30.04441,31.23571,2020,10,10,0,12.54,56.29,100.57,27.04,21.15,34.71,4.53,4.19,8.73,5.56
30.04441,31.23571,2020,10,11,0,11.24,53.08,100.51,26.17,20.64,33.54,5.46,3.04,8.5,5.11
30.04441,31.23571,2020,10,12,0,10.81,52.78,100.5,25.61,19.57,32.88,4.97,2.55,7.53,4.66
30.04441,31.23571,2020,10,13,0,10.33,50.59,100.52,25.57,19.55,33.54,5.07,3.02,8.08,5.33
30.04441,31.23571,2020,10,14,0,10.79,52.25,100.7,25.79,18.3,34.72,3.63,5.25,8.88,6.81
30.04441,31.23571,2020,10,15,0,11.82,55.6,100.79,26.29,20.38,34.42,4,4.31,8.32,5.89
30.04441,31.23571,2020,10,16,0,10.85,55.41,100.63,24.89,19.24,32.75,4.35,3.98,8.32,5.46
30.04441,31.23571,2020,10,17,0,9.32,50.84,100.53,23.79,17.29,32.54,3.15,5.44,8.59,6.3
30.04441,31.23571,2020,10,18,0.02,9.79,52.44,100.5,24.08,16.54,33.89,4.13,4.4,8.53,5.99
30.04441,31.23571,2020,10,19,0.07,10.58,51.55,100.62,25.67,17.95,35.95,2.75,6.74,9.49,7.7
30.04441,31.23571,2020,10,20,0.06,11.64,54.64,100.63,26.29,19.67,34.72,4.56,4.7,9.26,6.67
30.04441,31.23571,2020,10,21,0.15,11.85,58.14,100.69,25.55,19.82,33.44,3.61,5.29,8.91,6.56
30.04441,31.23571,2020,10,22,0.01,11.02,53.84,100.72,25.64,20.08,33.36,5.33,1.98,7.31,5.52
30.04441,31.23571,2020,10,23,0.01,10.21,49.59,100.53,25.72,19.67,33.6,7.16,0.41,7.57,3.95
30.04441,31.23571,2020,10,24,0.14,9.77,51.01,100.36,24.48,19.52,30.89,5.48,1.88,7.36,4.91
30.04441,31.23571,2020,10,25,0,9.04,49.88,100.3,23.55,17.68,30.39,4.88,1.56,6.44,3.75
30.04441,31.23571,2020,10,26,0.02,11.03,57.37,100.32,24.53,18.68,31.66,5.92,0.97,6.9,3.38
30.04441,31.23571,2020,10,27,0.07,11.44,59.8,100.41,24.45,19.45,31.31,5.14,2.77,7.9,4.71
30.04441,31.23571,2020,10,28,0.02,11.13,59.49,100.61,24.12,18.32,30.62,6.14,2.21,8.35,4.9
30.04441,31.23571,2020,10,29,0,10.01,50.9,100.63,24.97,18.84,32.41,4.72,2.92,7.63,5.18
30.04441,31.23571,2020,10,30,0.01,10.74,55.11,100.59,24.8,19.87,31.62,3.74,4.27,8.01,5.66
30.04441,31.23571,2020,10,31,0.1,10.83,59.28,100.44,23.69,18.91,30.13,3.26,4.88,8.14,6.12
30.04441,31.23571,2020,11,1,0.21,9.83,56.13,100.53,23.02,18.26,28.82,3.29,4.36,7.65,5.72
30.04441,31.23571,2020,11,2,0.04,9.07,54.67,100.83,22.19,17.22,28.56,3.18,3.82,7,5.05
30.04441,31.23571,2020,11,3,0.13,8.92,56.91,100.91,21.26,15.97,27.19,3.23,2.83,6.07,4.54
30.04441,31.23571,2020,11,4,0.13,8.6,53.56,100.68,21.62,16.44,27.79,6.68,2.24,8.91,5.83
30.04441,31.23571,2020,11,5,0.11,8.75,57.07,100.47,20.83,16.88,26.52,3.74,5.24,8.98,7.06
30.04441,31.23571,2020,11,6,0.92,8.55,55.99,100.42,20.77,16.31,25.99,3.23,1.88,5.11,4.14
30.04441,31.23571,2020,11,7,0.37,8.98,60.82,100.49,20.22,14.93,25.82,3.32,1.47,4.79,3.1
30.04441,31.23571,2020,11,8,0.16,7.87,51.35,100.36,20.81,15.37,26.33,3.99,1.81,5.8,4.01
30.04441,31.23571,2020,11,9,0.2,8.75,57.93,100.52,20.6,15.83,25.82,2.85,4.32,7.16,5.95
30.04441,31.23571,2020,11,10,0.01,8.49,58.81,100.63,19.88,15.11,26.5,1.82,4.79,6.61,5.95
30.04441,31.23571,2020,11,11,0,6.88,49.89,100.78,19.2,13.72,26.1,3.15,2.19,5.34,3.9
30.04441,31.23571,2020,11,12,0.02,7.95,53.54,100.96,20.41,15.16,27.35,6.44,0.54,6.98,3.55
30.04441,31.23571,2020,11,13,0.01,8.43,54.66,100.98,21.01,15.72,28.08,5.38,0.99,6.38,3.54
30.04441,31.23571,2020,11,14,1.11,10.26,69.25,100.82,20.32,15.47,26.84,3.67,4.39,8.06,5.99
30.04441,31.23571,2020,11,15,0.04,8.1,60.7,100.83,18.66,13.92,24.6,3.49,4.76,8.25,6.66
30.04441,31.23571,2020,11,16,0.1,8.1,58.88,100.88,19.16,13.67,25.46,3.91,4,7.91,5.62
30.04441,31.23571,2020,11,17,0.01,7.63,56.59,101.01,18.86,12.95,25.74,4.52,3.32,7.83,5.34
30.04441,31.23571,2020,11,18,0,8.41,60.39,100.68,19.32,13.12,26.81,4.09,4,8.08,5.72
30.04441,31.23571,2020,11,19,0.01,8.74,63.11,100.33,19.17,13.77,25.79,3.14,3.88,7.02,5.41
30.04441,31.23571,2020,11,20,6.22,8.26,70.33,100.21,16.54,12.74,22.03,5.51,3.87,9.38,6.36
30.04441,31.23571,2020,11,21,0.33,7.54,67.9,100.71,15.74,10.32,21.73,2.4,4.78,7.18,6
30.04441,31.23571,2020,11,22,0,7.84,63.43,101.13,17.49,12.21,23.94,5.18,1.04,6.22,3.68
30.04441,31.23571,2020,11,23,0.09,9.42,72.98,101.04,18.14,12.95,23.74,3.16,3.99,7.15,5.45
30.04441,31.23571,2020,11,24,0.09,9.91,71.15,100.59,19.29,15.4,24.9,3.22,3.91,7.14,5.39
30.04441,31.23571,2020,11,25,1.54,8.94,73.63,100.3,17.07,14.02,21.47,9.03,0.64,9.66,5.63
30.04441,31.23571,2020,11,26,0.67,8.19,68.71,100.54,16.83,12.63,21.62,6.13,1.6,7.73,5.92
30.04441,31.23571,2020,11,27,0.03,7.72,64.91,100.79,16.84,12.36,21.96,2.22,1.2,3.42,2.53
30.04441,31.23571,2020,11,28,0,7.09,62.84,100.89,16.03,10.45,22.17,3.64,1.82,5.47,3.99
30.04441,31.23571,2020,11,29,0,6.97,62.42,100.93,15.87,10.72,22.24,3.07,0.38,3.45,1.99
30.04441,31.23571,2020,11,30,0,5.97,51.57,100.64,16.39,11.25,22.99,3.68,1.41,5.09,2.81
30.04441,31.23571,2020,12,1,0,5.16,48.97,100.31,14.89,8.92,23.14,3.21,4.51,7.72,5.98
30.04441,31.23571,2020,12,2,0,6.87,59.52,100.66,16.34,9.91,21.99,4.37,0.2,4.58,2.27
30.04441,31.23571,2020,12,3,0,5.98,47.35,100.72,17.78,12.29,23.79,3.12,0.29,3.41,1.85
30.04441,31.23571,2020,12,4,0,5.66,50.03,100.63,16.04,10.17,22.36,2.89,2.59,5.48,3.9
30.04441,31.23571,2020,12,5,0.01,5.74,51.83,100.65,15.71,10.73,22.53,3.97,2.5,6.47,4.43
30.04441,31.23571,2020,12,6,0,5.53,48.24,100.72,16.26,10.36,23.13,7.17,0.17,7.34,2.68
30.04441,31.23571,2020,12,7,0.05,4.4,34.05,100.53,18.15,12.91,26.51,7.85,4.77,12.62,8.79
30.04441,31.23571,2020,12,8,0.07,7.74,65.76,100.94,16.68,12.48,23.9,4.68,1.73,6.41,4.04
30.04441,31.23571,2020,12,9,0,6.03,54.25,101.16,15.84,11.37,23.34,4.41,0.81,5.22,2.79
30.04441,31.23571,2020,12,10,0,5.35,47.48,100.95,16.03,9.3,23.43,4.62,0.35,4.97,2.67
30.04441,31.23571,2020,12,11,0,3.8,32.49,100.65,16.6,11.22,24.42,2.5,3.4,5.9,4.85
30.04441,31.23571,2020,12,12,0.05,6.11,50.03,100.43,17.2,11.8,23.01,5.34,0.73,6.07,4.05
30.04441,31.23571,2020,12,13,0,4.5,33.46,100.07,18.68,12.37,27.37,5.87,4.03,9.9,6.98
30.04441,31.23571,2020,12,14,0,5.27,44.94,99.9,16.5,13.38,21.42,4.42,7.1,11.52,9.21
30.04441,31.23571,2020,12,15,0.11,7.25,65.94,100.19,15.51,11.1,20.54,4.45,6.86,11.31,9.27
30.04441,31.23571,2020,12,16,0.36,8.47,74.98,100.69,15.99,12.82,21.27,2.62,4.31,6.94,5.97
30.04441,31.23571,2020,12,17,0.03,7.81,69.28,101.04,16.03,11.45,22.3,2.78,2.3,5.08,3.61
30.04441,31.23571,2020,12,18,0.01,7.53,68.12,101.18,15.74,11.18,22.47,6,1.29,7.29,4.14
30.04441,31.23571,2020,12,19,0.03,8.13,72.99,101.2,15.87,10.42,22.85,3.58,4.13,7.71,5.61
30.04441,31.23571,2020,12,20,0.03,7.71,71.78,101.13,15.28,10.15,22.51,3.2,4.77,7.97,6.34
30.04441,31.23571,2020,12,21,0.01,8.12,72.89,100.99,15.83,9.93,23.9,3.66,3.99,7.65,5.81
30.04441,31.23571,2020,12,22,0,8.18,73,100.99,15.92,11.69,22.91,3.2,4.82,8.02,6.1
30.04441,31.23571,2020,12,23,0,7.6,72.08,101.02,14.97,10.88,21.51,2.98,4.79,7.77,5.94
30.04441,31.23571,2020,12,24,0,6.88,65.18,101.03,15,10.17,21.36,3.01,3.73,6.74,5.46
30.04441,31.23571,2020,12,25,0,6.66,61.75,101.03,15.35,11.5,21.73,6.23,1.28,7.52,4.48
30.04441,31.23571,2020,12,26,0,6.87,61.94,100.74,15.72,10.02,24.38,3.01,5.94,8.95,7.77
30.04441,31.23571,2020,12,27,0,7.14,57.9,100.62,17.37,10.73,26.61,6.7,0.59,7.3,4.27
30.04441,31.23571,2020,12,28,0,5.86,53.15,100.74,15.64,10.31,23.13,2.13,3.72,5.85,4.58
30.04441,31.23571,2020,12,29,0,6.85,65.74,100.88,14.77,9.06,23.32,3.89,2.85,6.74,4.54
30.04441,31.23571,2020,12,30,0,6.95,66.68,100.76,14.76,9.48,22.98,4.3,2.55,6.85,4.72
30.04441,31.23571,2020,12,31,0,7.13,67.77,100.71,14.9,9.84,22.01,5.84,1.54,7.37,3.84
30.04441,31.23571,2021,1,1,0,7.59,70.33,100.8,15.31,9.37,22.29,3.28,3.47,6.74,4.86
30.04441,31.23571,2021,1,2,0,8.05,69.68,100.88,16.39,10.8,22.89,3.24,3.86,7.09,5.24
30.04441,31.23571,2021,1,3,0,8.32,74.44,100.86,15.86,10.54,23.36,3.73,3.31,7.03,4.88
30.04441,31.23571,2021,1,4,0,8.54,72.06,100.7,16.75,11.83,23.45,2.9,2.23,5.12,3.28
30.04441,31.23571,2021,1,5,0,7.93,63.19,100.77,17.68,12.61,25.77,5.46,0.72,6.18,3.35
30.04441,31.23571,2021,1,6,0,8.18,67.17,100.97,17.22,11.33,25.34,4.06,3.54,7.6,5.14
30.04441,31.23571,2021,1,7,0,6.6,51.29,100.86,18.09,11.82,27.46,2.73,3.94,6.67,5.07
30.04441,31.23571,2021,1,8,0,5.66,45.87,100.77,17.43,11.88,26.37,3.36,2.8,6.16,4.44
30.04441,31.23571,2021,1,9,0,6.44,55.49,100.84,16.46,10.93,25.27,5.03,2.26,7.3,4.39
30.04441,31.23571,2021,1,10,0,7.86,67.37,101.1,16.56,10.16,25.35,4.19,3.8,8,5.73
30.04441,31.23571,2021,1,11,0.32,7.32,60.61,101.18,17.14,11.09,26.43,3.97,4.83,8.8,6.74
30.04441,31.23571,2021,1,12,0.01,4.73,35.56,100.87,18.65,11.92,27.33,5.36,3.32,8.68,6.03
30.04441,31.23571,2021,1,13,0,5.67,46.11,100.35,17.31,12.55,21.34,5.54,5.77,11.31,8.65
30.04441,31.23571,2021,1,14,0.42,5.56,57.56,100.39,13.56,8.9,18.92,4.87,6.05,10.92,8.15
30.04441,31.23571,2021,1,15,0.03,5.33,58.62,100.67,12.68,7.53,19.32,2.43,4.07,6.5,5.37
30.04441,31.23571,2021,1,16,0,4.91,53.67,100.41,12.73,6.81,19.74,4.58,4.1,8.69,7.06
30.04441,31.23571,2021,1,17,0.2,4.97,53.87,100.47,12.88,7.69,19.26,6.43,6.88,13.31,9.44
30.04441,31.23571,2021,1,18,0.01,4.81,56,100.98,11.85,7.21,18.28,3.63,5.08,8.71,6.99
30.04441,31.23571,2021,1,19,1.5,5.85,67.22,100.96,12.04,8.13,17.27,4.98,5.39,10.37,7.97
30.04441,31.23571,2021,1,20,0.44,5.16,63.91,101.51,10.98,5.85,17.08,5.22,5.22,10.44,8.05
30.04441,31.23571,2021,1,21,0,4.81,60.76,101.88,10.76,5.18,18.59,4.93,3.48,8.41,5.85
30.04441,31.23571,2021,1,22,0,5.15,60.95,101.46,11.67,5.34,19.82,3.38,4.69,8.07,6.72
30.04441,31.23571,2021,1,23,0,5.15,57.53,100.96,12.48,5.96,21.44,3.89,3.5,7.39,4.93
30.04441,31.23571,2021,1,24,0,5.67,63.41,100.99,12.46,6.03,20.24,6.38,1.15,7.53,4.34
30.04441,31.23571,2021,1,25,0,5.77,61.55,101.06,13.2,7.64,21.33,3.44,1.35,4.78,3.26
30.04441,31.23571,2021,1,26,0,4.98,51.75,100.86,13.57,6.78,22.58,3.01,3.88,6.9,5.66
30.04441,31.23571,2021,1,27,0,4.51,42.04,100.32,15.16,9.03,23.48,5.68,3.58,9.26,7.01
30.04441,31.23571,2021,1,28,0.01,4.97,57.68,100.7,11.87,6.9,17.8,3.52,4.73,8.26,6.23
30.04441,31.23571,2021,1,29,0.2,4.52,53.08,100.87,11.71,7.46,17.67,6.5,3.03,9.53,6.9
30.04441,31.23571,2021,1,30,0,4.16,47.79,100.94,12.08,5.46,19.5,5.07,4.28,9.34,7.67
30.04441,31.23571,2021,1,31,0,4.38,41.2,100.71,15.1,8.29,23.98,5.9,3.34,9.24,6.44
30.04441,31.23571,2021,2,1,0,4.12,33.51,100.63,17.38,11.22,26.92,5.81,1.98,7.8,4.31
30.04441,31.23571,2021,2,2,0.03,3.5,26.55,100.42,18.42,10.57,28.16,5.71,0.88,6.59,3.35
30.04441,31.23571,2021,2,3,0.03,3.56,27.42,100.14,18.15,11.6,27.68,2.39,2.51,4.9,3.65
30.04441,31.23571,2021,2,4,2.81,8.23,77.62,100.36,14.96,11.17,20.19,6.19,2.46,8.65,6.03
30.04441,31.23571,2021,2,5,0.5,7.57,68.4,100.9,15.72,10.94,23.28,3.6,4.59,8.2,7.39
30.04441,31.23571,2021,2,6,0,7.09,64.48,101.1,15.65,10.73,23.54,5.26,0.58,5.84,3.5
30.04441,31.23571,2021,2,7,0,6.5,59.9,101.14,15.46,8.9,24.08,6,0.93,6.94,3.38
30.04441,31.23571,2021,2,8,0,4.7,39.35,101.06,16.95,9.62,26.93,5.33,1.52,6.85,3.99
30.04441,31.23571,2021,2,9,0,4.52,33.74,101.02,18.78,12.57,28.17,3.31,2.75,6.07,4.71
30.04441,31.23571,2021,2,10,0,7.06,57.87,101.02,17.28,10.46,26.97,6.69,2.36,9.05,4.98
30.04441,31.23571,2021,2,11,0,6.19,54.49,100.83,16.13,9.73,26.1,4.97,2.47,7.45,5.59
30.04441,31.23571,2021,2,12,0,5.56,52.04,100.72,15.16,8.52,24.41,5.3,3.13,8.43,5.38
30.04441,31.23571,2021,2,13,0,6.07,59.01,100.85,14.58,9.07,22.87,4.47,2,6.47,3.84
30.04441,31.23571,2021,2,14,0,6.11,61.35,100.69,14.05,7.87,22.75,4.84,2.16,7.01,4.08
30.04441,31.23571,2021,2,15,0.12,5.82,56.9,100.46,14.44,7.91,22.69,4.66,1.41,6.07,3.63
30.04441,31.23571,2021,2,16,7.47,6.21,78.23,100.13,10.53,6.35,14.36,9.4,3.51,12.91,7.9
30.04441,31.23571,2021,2,17,3.44,4.66,69.4,100.59,8.14,4.92,11.7,5.76,8.04,13.8,10.31
30.04441,31.23571,2021,2,18,0.25,4.93,62.75,101.14,10.54,5.41,16.7,4.03,4.04,8.07,6.53
30.04441,31.23571,2021,2,19,5.53,5.98,78.27,101.36,10.14,6.54,15.26,1.87,4.36,6.23,5.46
30.04441,31.23571,2021,2,20,0,5.15,62.13,101.44,11.37,5.47,19.15,3.94,4.08,8.03,5.49
30.04441,31.23571,2021,2,21,0.09,5.44,62.44,101.35,12.13,6.66,18.73,3.96,2.41,6.36,4.07
30.04441,31.23571,2021,2,22,0.07,5.71,64.07,101.18,12.43,6.42,19.14,4.3,3.03,7.33,5.15
30.04441,31.23571,2021,2,23,2.54,7.2,79.86,101.07,12.58,8.6,17.12,2.47,5.87,8.34,6.94
30.04441,31.23571,2021,2,24,0.17,6.51,64.9,101.26,14.26,8.91,22.02,3.05,5.46,8.51,7.47
30.04441,31.23571,2021,2,25,0.12,7.3,67,101.18,15.52,9.97,23.78,5.27,2.66,7.92,4.78
30.04441,31.23571,2021,2,26,0,6.62,66.14,101.01,14.19,8.95,21.72,6.17,0.74,6.91,3.34
30.04441,31.23571,2021,2,27,0,6.95,66.84,100.73,14.72,8.63,22.77,3.81,4.43,8.24,6.38
30.04441,31.23571,2021,2,28,0,6.84,67.81,100.86,14.28,7.83,22.25,3.37,4.25,7.62,5.81
30.04441,31.23571,2021,3,1,0,6.67,63.68,100.98,14.89,9.44,22.63,5.23,3.04,8.27,5.16
30.04441,31.23571,2021,3,2,0.05,5.82,62.13,101.17,13.2,6.95,21.06,4.43,3.82,8.25,5.93
30.04441,31.23571,2021,3,3,0.81,5.63,63.96,101.08,12.23,8.15,18.23,4.09,5.03,9.12,6.85
30.04441,31.23571,2021,3,4,0.68,5.92,62.11,101.11,13.46,8.62,20.73,2.8,4.93,7.74,6.71
30.04441,31.23571,2021,3,5,1.54,6.13,62.31,101.39,13.97,8.02,22.55,5.7,1.32,7.02,3.62
30.04441,31.23571,2021,3,6,1.04,5.89,58.61,101.22,14.28,6.77,24.36,4.12,4.36,8.48,6.08
30.04441,31.23571,2021,3,7,10.77,6.58,64.67,100.89,14.41,7.63,23.69,4.45,4.45,8.9,6.06
30.04441,31.23571,2021,3,8,14.58,6.92,66.81,100.74,14.67,8.01,23.54,3.9,3.98,7.88,5.24
30.04441,31.23571,2021,3,9,0.06,5.31,40.85,100.44,18.21,8.87,28.81,5.56,2.05,7.61,4.93
30.04441,31.23571,2021,3,10,0.14,4.82,30.13,100.08,21.49,14.4,32.7,5.98,4.92,10.9,8.09
30.04441,31.23571,2021,3,11,4.84,8.39,64.56,100.33,18.15,13.21,26.38,6.61,2.17,8.78,5.41
30.04441,31.23571,2021,3,12,0.86,5.99,56.36,100.74,15.07,9.12,22.5,4.67,5.8,10.47,8.14
30.04441,31.23571,2021,3,13,0,6,60.5,100.89,14.04,7.5,22.38,4.82,3.43,8.25,5.42
30.04441,31.23571,2021,3,14,0,6.68,62.18,100.51,15.2,8.07,23.95,3.5,4.27,7.77,5.78
30.04441,31.23571,2021,3,15,0,7.44,61.79,100.1,16.92,9.69,25.29,3.9,3.64,7.53,5.24
30.04441,31.23571,2021,3,16,0,7.55,64.21,100.34,16.58,10.48,24.39,4.68,3.2,7.88,4.92
30.04441,31.23571,2021,3,17,16.1,6.12,56.17,100.44,15.42,8.94,23.46,7.04,1.84,8.88,5.79
30.04441,31.23571,2021,3,18,0.07,6.65,60.53,100.7,15.57,9.86,23.11,6.42,1.33,7.75,4.34
30.04441,31.23571,2021,3,19,2.51,6.39,57.78,100.75,15.69,9.31,23.65,5.99,1.85,7.84,4.12
30.04441,31.23571,2021,3,20,0.23,6.9,48.41,100.29,19.65,10.64,28.6,6.65,0.81,7.46,4.02
30.04441,31.23571,2021,3,21,7.83,8.59,51.14,99.96,22.25,16.25,29.14,6.61,0.93,7.54,3.91
30.04441,31.23571,2021,3,22,0,9.14,52.07,99.71,22.93,18.25,30.53,7.62,1.15,8.76,4.88
30.04441,31.23571,2021,3,23,0,7.46,48.14,99.54,20.86,12.78,27.13,7.72,3.99,11.71,8.04
30.04441,31.23571,2021,3,24,0.08,5.97,58.15,100.18,14.46,10.3,19.76,7.93,4.53,12.46,9.01
30.04441,31.23571,2021,3,25,0.22,6.15,64.18,100.58,13.44,8.6,19.82,4.19,3.22,7.41,5.67
30.04441,31.23571,2021,3,26,0.4,5.86,67.09,101.12,12.12,7.13,17.73,4.84,3.99,8.83,6.32
30.04441,31.23571,2021,3,27,0.42,4.9,54.96,101.61,12.52,5.3,20.38,3.89,5.29,9.18,7.11
30.04441,31.23571,2021,3,28,0.79,5.91,60.1,101.65,14.01,9.08,21.06,2.78,6,8.79,7.06
30.04441,31.23571,2021,3,29,2.2,5.9,59.72,101.27,14.03,7.85,22,2.89,6.07,8.96,7.23
30.04441,31.23571,2021,3,30,5.18,6.5,62.53,100.72,14.71,9.54,22.34,3.56,4.96,8.52,6.74
30.04441,31.23571,2021,3,31,0.07,5.71,54.17,100.58,14.92,8.46,21.88,3.85,3.69,7.54,5.83
30.04441,31.23571,2021,4,1,0.01,4.86,45.23,100.7,15.25,9.19,22.16,8.73,1.11,9.84,5.65
30.04441,31.23571,2021,4,2,0.01,5.66,54.1,101,14.88,8.6,22.46,5.16,3.35,8.51,6.99
30.04441,31.23571,2021,4,3,0,4.78,42.27,101.13,16.13,7.8,25.28,7.15,0.79,7.95,4.18
30.04441,31.23571,2021,4,4,0,4.45,32.34,101.06,19.21,9.39,29.14,6.32,2.86,9.18,6.01
30.04441,31.23571,2021,4,5,0,3.74,24.21,100.65,21.04,10.6,32.9,4.5,4.63,9.13,7
30.04441,31.23571,2021,4,6,0,3.98,21.73,100.13,23.74,12.45,35.25,7.23,0.7,7.92,4.22
30.04441,31.23571,2021,4,7,0,4.5,23.62,100.3,24.44,16.55,34.62,6.49,2.23,8.71,5.08
30.04441,31.23571,2021,4,8,0.13,7.17,49.27,100.58,20.01,12.98,29.63,5.35,3.82,9.17,5.86
30.04441,31.23571,2021,4,9,0.06,6.67,54.74,100.67,17.21,10.35,26.26,7.44,3.05,10.49,6.64
30.04441,31.23571,2021,4,10,0,4.1,39.92,100.83,14.59,9.65,21.5,4.36,6.85,11.21,9
30.04441,31.23571,2021,4,11,0,4.61,43.11,100.99,15.23,7.87,23.94,3.25,5.41,8.66,6.95
30.04441,31.23571,2021,4,12,0,4.93,44.12,101.01,15.9,7.87,24.87,4.48,3.96,8.44,5.57
30.04441,31.23571,2021,4,13,0,5,42.54,100.98,16.7,7.82,25.65,3.94,3.86,7.81,5.54
30.04441,31.23571,2021,4,14,0,5.67,42.65,100.82,18.61,9.75,27.91,3.86,4.39,8.26,6.32
30.04441,31.23571,2021,4,15,0.01,5.56,35.91,100.6,21.03,10.54,32.39,4.13,4.53,8.65,6.22
30.04441,31.23571,2021,4,16,0,4.92,26.14,100.42,24.24,13.5,35.52,4.35,5.22,9.57,6.97
30.04441,31.23571,2021,4,17,0,4.37,21.18,100.42,25.8,15.75,36.86,4.49,4.66,9.15,7.01
30.04441,31.23571,2021,4,18,0,4.19,15.34,100.26,30.6,17.65,43.01,7.78,1.24,9.01,5.59
30.04441,31.23571,2021,4,19,0,4.77,16.95,100.07,31.07,23.35,39.84,4.9,2.97,7.87,6.05
30.04441,31.23571,2021,4,20,0,7.82,40.56,100.34,24.61,16.38,33.7,5.27,5.08,10.35,7.39
30.04441,31.23571,2021,4,21,0,6.2,40.49,100.77,20.87,14.11,30.07,3.53,5.66,9.19,7.43
30.04441,31.23571,2021,4,22,0.01,6.27,42.66,100.88,20.23,13.2,30.14,3.09,5.87,8.96,7.31
30.04441,31.23571,2021,4,23,0.03,5.97,39.32,100.63,20.73,11.32,31.81,2.47,5.92,8.39,7.21
30.04441,31.23571,2021,4,24,0.13,6.09,36.19,100.18,22.33,12.37,33.85,2.94,4.39,7.33,5.49
30.04441,31.23571,2021,4,25,-999,-999,-999,-999,-999,-999,-999,-999,-999,-999,-999
30.04441,31.23571,2021,4,26,-999,-999,-999,-999,-999,-999,-999,-999,-999,-999,-999
